Episode,Maze_ID,Maze_Size,Steps,Total_Reward,Success,Loss
1,train_9x9_0422,9,500,-13.9,0,-0.1577
2,train_9x9_0421,9,500,-12.82,0,-0.4727
3,train_9x9_0350,9,500,-13.44,0,-0.3932
4,train_9x9_0076,9,30,1.4,1,1.9753
5,train_9x9_0208,9,500,-14.26,0,-0.3615
6,train_9x9_0234,9,500,-14.24,0,-0.4457
7,train_9x9_0282,9,429,-10.5,1,-0.4585
8,train_9x9_0086,9,7,1.7,1,3.7209
9,train_9x9_0123,9,500,-13.35,0,-0.632
10,train_9x9_0199,9,500,-14.41,0,-0.5942
11,train_9x9_0192,9,500,-13.64,0,-0.6137
12,train_9x9_0489,9,500,-13.74,0,-0.6488
13,train_9x9_0212,9,500,-13.96,0,-0.6364
14,train_9x9_0031,9,292,-6.15,1,-0.0855
15,train_9x9_0412,9,500,-14.51,0,-0.6889
16,train_9x9_0343,9,500,-13.67,0,-0.7451
17,train_9x9_0083,9,90,-0.1,1,2.0973
18,train_9x9_0312,9,500,-13.55,0,-0.6651
19,train_9x9_0018,9,500,-13.17,0,-0.542
20,train_9x9_0083,9,84,0.17,1,2.4237
21,train_9x9_0134,9,500,-12.95,0,-0.6826
22,train_9x9_0321,9,386,-9.88,1,0.1364
23,train_9x9_0059,9,238,-4.66,1,0.6371
24,train_9x9_0399,9,500,-14.23,0,-0.607
25,train_9x9_0182,9,500,-13.58,0,-0.5688
26,train_9x9_0045,9,67,-0.08,1,4.0872
27,train_9x9_0255,9,500,-13.11,0,-0.4388
28,train_9x9_0492,9,145,-2.09,1,2.425
29,train_9x9_0258,9,500,-14.01,0,-0.5315
30,train_9x9_0258,9,500,-14.8,0,-0.4933
31,train_9x9_0472,9,500,-13.64,0,-0.4396
32,train_9x9_0266,9,500,-13.17,0,-0.3932
33,train_9x9_0443,9,500,-13.22,0,-0.2902
34,train_9x9_0072,9,500,-13.1,0,-0.1315
35,train_9x9_0141,9,92,-0.64,1,4.3745
36,train_9x9_0313,9,500,-14.25,0,-0.2754
37,train_9x9_0484,9,500,-14.4,0,-0.311
38,train_9x9_0242,9,500,-13.9,0,-0.2321
39,train_9x9_0405,9,500,-12.93,0,-0.2066
40,train_9x9_0072,9,500,-13.01,0,-0.0121
41,train_9x9_0179,9,500,-13.92,0,0.0211
42,train_9x9_0249,9,500,-14.25,0,-0.1254
43,train_9x9_0184,9,92,-0.64,1,5.7629
44,train_9x9_0328,9,417,-9.86,1,0.603
45,train_9x9_0066,9,500,-14.07,0,-0.1477
46,train_9x9_0061,9,500,-13.88,0,-0.088
47,train_9x9_0098,9,500,-13.69,0,-0.1813
48,train_9x9_0276,9,240,-4.87,1,1.4684
49,train_9x9_0079,9,217,-4.01,1,2.7674
50,train_9x9_0195,9,26,1.57,1,8.9437
51,train_9x9_0386,9,500,-13.92,0,-0.3296
52,train_9x9_0405,9,500,-12.84,0,-0.1727
53,train_9x9_0394,9,500,-14.13,0,-0.3258
54,train_9x9_0084,9,364,-8.61,1,0.9051
55,train_9x9_0464,9,500,-13.42,0,-0.3544
56,train_9x9_0209,9,284,-5.42,1,1.1639
57,train_9x9_0345,9,318,-6.54,1,0.8603
58,train_9x9_0315,9,500,-14.65,0,-0.4529
59,train_9x9_0364,9,500,-14.16,0,-0.4957
60,train_9x9_0076,9,134,-1.83,1,3.2227
61,train_9x9_0203,9,500,-15.02,0,-0.4993
62,train_9x9_0348,9,500,-13.93,0,-0.4646
63,train_9x9_0071,9,246,-5.48,1,1.3587
64,train_9x9_0429,9,500,-14.78,0,-0.4686
65,train_9x9_0176,9,201,-2.79,1,1.8368
66,train_9x9_0119,9,500,-12.52,0,-0.2745
67,train_9x9_0026,9,500,-13.18,0,-0.3556
68,train_9x9_0063,9,17,1.65,1,6.1596
69,train_9x9_0086,9,137,-2.03,1,2.2899
70,train_9x9_0004,9,318,-6.91,1,0.79
71,train_9x9_0264,9,365,-8.62,1,0.1192
72,train_9x9_0068,9,500,-13.56,0,-0.617
73,train_9x9_0220,9,310,-6.55,1,0.643
74,train_9x9_0193,9,500,-14.94,0,-0.5849
75,train_9x9_0094,9,190,-3.08,1,1.436
76,train_9x9_0306,9,309,-6.95,1,0.4702
77,train_9x9_0372,9,500,-13.43,0,-0.4181
78,train_9x9_0092,9,265,-5.53,1,0.4034
79,train_9x9_0418,9,472,-11.27,1,-0.078
80,train_9x9_0121,9,500,-13.1,0,-0.5586
81,train_9x9_0353,9,337,-7.19,1,0.4079
82,train_9x9_0015,9,500,-14.02,0,-0.6238
83,train_9x9_0148,9,500,-13.46,0,-0.5545
84,train_9x9_0055,9,500,-13.32,0,-0.4677
85,train_9x9_0060,9,352,-7.85,1,0.2615
86,train_9x9_0495,9,169,-2.8,1,2.0672
87,train_9x9_0490,9,500,-13.99,0,-0.4871
88,train_9x9_0289,9,376,-8.89,1,0.4419
89,train_9x9_0451,9,500,-12.97,0,-0.3825
90,train_9x9_0259,9,500,-13.15,0,-0.4409
91,train_9x9_0165,9,500,-13.48,0,-0.2132
92,train_9x9_0010,9,500,-14.34,0,-0.4329
93,train_9x9_0187,9,500,-14.29,0,-0.3969
94,train_9x9_0453,9,182,-2.59,1,2.0875
95,train_9x9_0019,9,500,-13.58,0,-0.0669
96,train_9x9_0030,9,180,-2.89,1,2.1818
97,train_9x9_0310,9,500,-13.74,0,-0.3332
98,train_9x9_0499,9,500,-13.32,0,-0.0165
99,train_9x9_0181,9,500,-14.27,0,-0.2983
100,train_9x9_0181,9,500,-14.42,0,-0.2127
101,train_9x9_0296,9,500,-13.97,0,-0.3355
102,train_9x9_0232,9,500,-13.5,0,-0.2489
103,train_9x9_0029,9,500,-13.62,0,-0.2057
104,train_9x9_0159,9,54,0.81,1,7.1494
105,train_9x9_0150,9,500,-14.24,0,-0.2025
106,train_9x9_0157,9,42,1.14,1,6.5206
107,train_9x9_0059,9,500,-14.22,0,-0.2111
108,train_9x9_0226,9,500,-13.2,0,-0.1314
109,train_9x9_0017,9,91,-0.41,1,3.9698
110,train_9x9_0053,9,500,-14.44,0,-0.297
111,train_9x9_0306,9,268,-5.51,1,1.5649
112,train_9x9_0180,9,500,-14.92,0,-0.4125
113,train_9x9_0116,9,157,-1.94,1,2.8121
114,train_9x9_0007,9,500,-12.93,0,-0.3479
115,train_9x9_0031,9,500,-12.88,0,-0.3051
116,train_9x9_0238,9,449,-10.19,1,0.6021
117,train_9x9_0486,9,500,-13.24,0,-0.3952
118,train_9x9_0219,9,500,-13.14,0,-0.3874
119,train_9x9_0007,9,500,-12.87,0,-0.4046
120,train_9x9_0362,9,500,-14.12,0,-0.4823
121,train_9x9_0479,9,500,-13.38,0,-0.4852
122,train_9x9_0090,9,500,-14.06,0,-0.5002
123,train_9x9_0236,9,53,0.04,1,4.7814
124,train_9x9_0353,9,246,-4.54,1,1.3057
125,train_9x9_0257,9,70,0.23,1,5.6818
126,train_9x9_0438,9,300,-6.17,1,0.6892
127,train_9x9_0392,9,500,-13.6,0,-0.471
128,train_9x9_0412,9,499,-11.84,1,-0.0667
129,train_9x9_0191,9,350,-8.33,1,0.273
130,train_9x9_0131,9,179,-3.37,1,1.6359
131,train_9x9_0191,9,500,-14.06,0,-0.4998
132,train_9x9_0210,9,500,-13.84,0,-0.6036
133,train_9x9_0415,9,500,-13.75,0,-0.5902
134,train_9x9_0496,9,238,-4.09,1,1.0992
135,train_9x9_0134,9,500,-13.99,0,-0.588
136,train_9x9_0441,9,500,-12.64,0,-0.4743
137,train_9x9_0442,9,167,-2.2,1,2.5967
138,train_9x9_0052,9,185,-3.57,1,1.228
139,train_9x9_0295,9,326,-6.92,1,0.4013
140,train_9x9_0124,9,297,-5.49,1,0.7896
141,train_9x9_0312,9,500,-14.32,0,-0.5717
142,train_9x9_0416,9,223,-3.95,1,1.2921
143,train_9x9_0010,9,500,-14.25,0,-0.5803
144,train_9x9_0305,9,416,-9.43,1,0.3145
145,train_9x9_0107,9,207,-3.65,1,1.0659
146,train_9x9_0148,9,125,-1.01,1,2.2431
147,train_9x9_0335,9,500,-13.42,0,-0.4723
148,train_9x9_0050,9,500,-12.81,0,-0.5228
149,train_9x9_0307,9,210,-3.98,1,0.9818
150,train_9x9_0395,9,500,-13.78,0,-0.5816
151,train_9x9_0063,9,207,-3.81,1,1.5284
152,train_9x9_0431,9,329,-6.76,1,0.4345
153,train_9x9_0409,9,500,-14.31,0,-0.5597
154,train_9x9_0302,9,500,-13.08,0,-0.4627
155,train_9x9_0494,9,239,-4.23,1,1.1541
156,train_9x9_0052,9,376,-8.39,1,0.0951
157,train_9x9_0133,9,500,-13.4,0,-0.534
158,train_9x9_0374,9,500,-13.08,0,-0.4568
159,train_9x9_0138,9,104,-0.22,1,3.9612
160,train_9x9_0225,9,444,-10.39,1,0.3322
161,train_9x9_0041,9,500,-13.38,0,-0.4148
162,train_9x9_0077,9,500,-13.23,0,-0.3893
163,train_9x9_0126,9,500,-13.38,0,-0.4669
164,train_9x9_0126,9,500,-14.63,0,-0.5291
165,train_9x9_0157,9,244,-5.72,1,0.7929
166,train_9x9_0349,9,489,-11.57,1,0.2445
167,train_9x9_0307,9,131,-1.34,1,2.307
168,train_9x9_0441,9,500,-12.76,0,-0.4363
169,train_9x9_0281,9,500,-13.17,0,-0.257
170,train_9x9_0374,9,500,-13.12,0,-0.3598
171,train_9x9_0260,9,500,-13.0,0,-0.2501
172,train_9x9_0044,9,500,-12.91,0,-0.3551
173,train_9x9_0403,9,403,-8.66,1,0.5652
174,train_9x9_0370,9,500,-14.86,0,-0.3738
175,train_9x9_0439,9,87,0.04,1,4.9722
176,train_9x9_0477,9,26,1.23,1,6.0838
177,train_9x9_0043,9,375,-8.38,1,0.7713
178,train_9x9_0377,9,500,-14.54,0,-0.4502
179,train_9x9_0253,9,346,-7.69,1,0.4117
180,train_9x9_0161,9,130,-1.1,1,2.4042
181,train_9x9_0294,9,500,-14.64,0,-0.4802
182,train_9x9_0342,9,500,-13.89,0,-0.4821
183,train_9x9_0072,9,500,-14.19,0,-0.5223
184,train_9x9_0103,9,500,-13.96,0,-0.4888
185,train_9x9_0475,9,500,-14.21,0,-0.5296
186,train_9x9_0183,9,500,-13.35,0,-0.4518
187,train_9x9_0254,9,22,1.84,1,7.1887
188,train_9x9_0128,9,500,-13.34,0,-0.451
189,train_9x9_0184,9,500,-14.59,0,-0.5262
190,train_9x9_0127,9,500,-14.27,0,-0.4297
191,train_9x9_0284,9,500,-13.19,0,-0.3501
192,train_9x9_0499,9,99,-0.47,1,4.4787
193,train_9x9_0052,9,75,0.19,1,4.0103
194,train_9x9_0035,9,500,-14.62,0,-0.5281
195,train_9x9_0026,9,500,-13.59,0,-0.472
196,train_9x9_0229,9,500,-13.79,0,-0.4774
197,train_9x9_0442,9,233,-4.29,1,1.0444
198,train_9x9_0353,9,500,-14.01,0,-0.4596
199,train_9x9_0482,9,431,-10.66,1,0.1437
200,train_9x9_0043,9,307,-6.4,1,0.9055
201,train_9x9_0132,9,500,-14.91,0,-0.4486
202,train_9x9_0212,9,500,-14.84,0,-0.4723
203,train_9x9_0335,9,463,-11.82,1,0.2541
204,train_9x9_0229,9,500,-14.18,0,-0.4638
205,train_9x9_0027,9,500,-13.44,0,-0.2007
206,train_9x9_0166,9,413,-8.95,1,0.7717
207,train_9x9_0279,9,500,-14.63,0,-0.38
208,train_9x9_0176,9,500,-14.13,0,-0.3922
209,train_9x9_0128,9,500,-14.21,0,-0.3545
210,train_9x9_0421,9,292,-6.05,1,1.0808
211,train_9x9_0413,9,500,-13.99,0,-0.3156
212,train_9x9_0413,9,500,-14.18,0,-0.2581
213,train_9x9_0057,9,500,-13.61,0,-0.2809
214,train_9x9_0181,9,500,-14.63,0,-0.1874
215,train_9x9_0079,9,50,1.31,1,7.7763
216,train_9x9_0312,9,500,-14.88,0,-0.1969
217,train_9x9_0282,9,339,-7.15,1,1.1987
218,train_9x9_0224,9,500,-12.71,0,-0.0513
219,train_9x9_0199,9,244,-4.89,1,1.7785
220,train_9x9_0050,9,196,-3.26,1,3.1726
221,train_9x9_0186,9,374,-8.5,1,0.72
222,train_9x9_0159,9,500,-12.88,0,-0.0983
223,train_9x9_0382,9,500,-13.07,0,-0.2902
224,train_9x9_0456,9,500,-13.09,0,-0.2321
225,train_9x9_0066,9,500,-14.02,0,-0.3522
226,train_9x9_0190,9,65,-0.3,1,5.1853
227,train_9x9_0060,9,500,-13.46,0,-0.3709
228,train_9x9_0418,9,500,-13.53,0,-0.221
229,train_9x9_0329,9,481,-11.53,1,0.4224
230,train_9x9_0455,9,488,-11.23,1,0.1934
231,train_9x9_0101,9,500,-13.91,0,-0.4056
232,train_9x9_0078,9,157,-2.35,1,2.0609
233,train_9x9_0406,9,361,-7.76,1,0.6757
234,train_9x9_0111,9,151,-1.67,1,2.9244
235,train_9x9_0442,9,38,1.64,1,7.4639
236,train_9x9_0133,9,110,-0.41,1,3.3742
237,train_9x9_0456,9,500,-13.08,0,-0.4681
238,train_9x9_0416,9,27,0.92,1,4.8093
239,train_9x9_0226,9,500,-14.24,0,-0.5987
240,train_9x9_0218,9,500,-12.87,0,-0.5825
241,train_9x9_0245,9,500,-13.72,0,-0.6455
242,train_9x9_0387,9,307,-5.8,1,0.3325
243,train_9x9_0257,9,110,-1.35,1,3.091
244,train_9x9_0471,9,500,-14.17,0,-0.7023
245,train_9x9_0337,9,500,-13.76,0,-0.6953
246,train_9x9_0096,9,500,-13.67,0,-0.6951
247,train_9x9_0467,9,256,-4.93,1,0.7628
248,train_9x9_0414,9,330,-6.79,1,0.1276
249,train_9x9_0260,9,500,-12.86,0,-0.6536
250,train_9x9_0198,9,500,-14.8,0,-0.663
251,train_9x9_0044,9,238,-4.16,1,0.7774
252,train_9x9_0300,9,500,-13.28,0,-0.6467
253,train_9x9_0227,9,227,-4.12,1,1.1041
254,train_9x9_0303,9,500,-13.16,0,-0.6074
255,train_9x9_0012,9,500,-13.94,0,-0.6406
256,train_9x9_0278,9,312,-6.82,1,0.2557
257,train_9x9_0183,9,500,-13.32,0,-0.6082
258,train_9x9_0166,9,340,-6.77,1,0.2271
259,train_9x9_0459,9,63,0.35,1,4.6967
260,train_9x9_0321,9,500,-14.05,0,-0.567
261,train_9x9_0401,9,225,-3.5,1,1.6007
262,train_9x9_0018,9,82,0.03,1,3.3702
263,train_9x9_0474,9,500,-14.09,0,-0.5965
264,train_9x9_0277,9,500,-14.0,0,-0.5796
265,train_9x9_0163,9,241,-5.16,1,0.9664
266,train_9x9_0284,9,500,-13.91,0,-0.6091
267,train_9x9_0352,9,246,-5.07,1,0.8725
268,train_9x9_0145,9,500,-14.09,0,-0.5717
269,train_9x9_0338,9,500,-13.48,0,-0.4983
270,train_9x9_0371,9,210,-3.57,1,1.1381
271,train_9x9_0124,9,500,-13.75,0,-0.5409
272,train_9x9_0098,9,500,-12.87,0,-0.4328
273,train_9x9_0147,9,500,-14.53,0,-0.5382
274,train_9x9_0153,9,69,0.08,1,4.4139
275,train_9x9_0254,9,371,-8.15,1,0.5632
276,train_9x9_0075,9,212,-3.54,1,1.2626
277,train_9x9_0096,9,500,-14.66,0,-0.492
278,train_9x9_0385,9,438,-10.1,1,0.0961
279,train_9x9_0350,9,254,-5.29,1,1.1204
280,train_9x9_0387,9,500,-14.47,0,-0.5126
281,train_9x9_0237,9,500,-13.15,0,-0.421
282,train_9x9_0465,9,500,-13.66,0,-0.519
283,train_9x9_0301,9,94,-0.01,1,3.9222
284,train_9x9_0319,9,101,-0.66,1,4.1668
285,train_9x9_0462,9,500,-13.45,0,-0.444
286,train_9x9_0058,9,186,-2.83,1,2.4107
287,train_9x9_0282,9,366,-8.63,1,0.2872
288,train_9x9_0086,9,500,-14.12,0,-0.5488
289,train_9x9_0117,9,500,-14.31,0,-0.5469
290,train_9x9_0200,9,500,-14.76,0,-0.5549
291,train_9x9_0322,9,275,-5.45,1,0.9074
292,train_9x9_0323,9,243,-4.87,1,1.2269
293,train_9x9_0142,9,421,-10.14,1,0.0799
294,train_9x9_0174,9,500,-14.49,0,-0.5494
295,train_9x9_0225,9,500,-14.3,0,-0.5869
296,train_9x9_0337,9,500,-14.02,0,-0.5099
297,train_9x9_0317,9,340,-7.84,1,0.488
298,train_9x9_0295,9,500,-13.25,0,-0.475
299,train_9x9_0199,9,500,-13.26,0,-0.3752
300,train_9x9_0170,9,53,1.04,1,6.1409
301,train_9x9_0424,9,51,1.3,1,6.0081
302,train_9x9_0185,9,14,1.57,1,6.9008
303,train_9x9_0455,9,500,-13.89,0,-0.5169
304,train_9x9_0345,9,500,-13.73,0,-0.4953
305,train_9x9_0299,9,333,-6.82,1,0.747
306,train_9x9_0095,9,227,-4.19,1,1.7694
307,train_9x9_0036,9,500,-14.89,0,-0.5498
308,train_9x9_0253,9,500,-14.38,0,-0.5848
309,train_9x9_0440,9,500,-14.12,0,-0.5943
310,train_9x9_0090,9,500,-14.36,0,-0.6139
311,train_9x9_0371,9,163,-2.28,1,1.4608
312,train_9x9_0059,9,500,-13.91,0,-0.5865
313,train_9x9_0443,9,135,-1.92,1,2.7209
314,train_9x9_0449,9,7,1.51,1,5.9922
315,train_9x9_0275,9,110,-1.11,1,2.8084
316,train_9x9_0374,9,500,-13.83,0,-0.593
317,train_9x9_0207,9,500,-14.51,0,-0.611
318,train_9x9_0404,9,500,-13.25,0,-0.6064
319,train_9x9_0282,9,183,-2.69,1,1.6081
320,train_9x9_0180,9,500,-15.01,0,-0.5888
321,train_9x9_0020,9,500,-14.45,0,-0.6116
322,train_9x9_0148,9,500,-13.52,0,-0.591
323,train_9x9_0407,9,500,-13.9,0,-0.45
324,train_9x9_0396,9,441,-10.53,1,0.1281
325,train_9x9_0429,9,500,-13.57,0,-0.4931
326,train_9x9_0238,9,500,-14.49,0,-0.5233
327,train_9x9_0183,9,500,-13.42,0,-0.5095
328,train_9x9_0438,9,500,-13.97,0,-0.2667
329,train_9x9_0228,9,500,-13.78,0,-0.4722
330,train_9x9_0320,9,31,1.32,1,5.3217
331,train_9x9_0095,9,500,-13.08,0,-0.1832
332,train_9x9_0494,9,199,-3.08,1,1.4787
333,train_9x9_0264,9,55,0.82,1,4.136
334,train_9x9_0117,9,246,-4.79,1,1.0781
335,train_9x9_0357,9,500,-14.6,0,-0.4161
336,train_9x9_0077,9,500,-14.22,0,-0.3973
337,train_9x9_0135,9,500,-14.08,0,-0.4448
338,train_9x9_0428,9,367,-9.16,1,0.5271
339,train_9x9_0018,9,500,-13.45,0,-0.3302
340,train_9x9_0290,9,500,-14.65,0,-0.409
341,train_9x9_0039,9,279,-5.5,1,1.1605
342,train_9x9_0136,9,500,-13.78,0,-0.367
343,train_9x9_0191,9,145,-1.9,1,3.0715
344,train_9x9_0156,9,368,-8.27,1,0.6757
345,train_9x9_0171,9,42,0.82,1,5.2933
346,train_9x9_0466,9,34,1.16,1,5.5051
347,train_9x9_0345,9,500,-12.81,0,-0.3323
348,train_9x9_0113,9,2,2.07,1,4.7684
349,train_9x9_0475,9,500,-13.27,0,-0.4647
350,train_9x9_0440,9,207,-4.12,1,1.565
351,train_9x9_0032,9,500,-12.98,0,-0.3249
352,train_9x9_0232,9,244,-5.01,1,1.4998
353,train_9x9_0248,9,357,-7.87,1,0.3694
354,train_9x9_0478,9,500,-13.99,0,-0.5956
355,train_9x9_0157,9,104,-1.04,1,2.0678
356,train_9x9_0209,9,500,-13.55,0,-0.5963
357,train_9x9_0021,9,290,-5.16,1,0.6994
358,train_9x9_0452,9,500,-12.47,0,-0.4961
359,train_9x9_0266,9,500,-14.33,0,-0.6053
360,train_9x9_0061,9,483,-11.66,1,-0.1247
361,train_9x9_0312,9,465,-11.41,1,0.0243
362,train_9x9_0408,9,500,-14.82,0,-0.5417
363,train_9x9_0450,9,208,-3.07,1,1.2823
364,train_9x9_0308,9,500,-14.19,0,-0.5693
365,train_9x9_0486,9,500,-13.37,0,-0.5311
366,train_9x9_0196,9,500,-12.84,0,-0.5084
367,train_9x9_0169,9,500,-13.57,0,-0.5338
368,train_9x9_0050,9,500,-13.66,0,-0.5074
369,train_9x9_0032,9,209,-3.55,1,1.7283
370,train_9x9_0060,9,500,-13.9,0,-0.5065
371,train_9x9_0181,9,232,-4.12,1,1.4537
372,train_9x9_0393,9,500,-14.06,0,-0.4769
373,train_9x9_0019,9,500,-14.63,0,-0.3817
374,train_9x9_0103,9,500,-14.36,0,-0.4007
375,train_9x9_0071,9,21,1.69,1,6.0745
376,train_9x9_0381,9,33,1.2,1,4.7527
377,train_9x9_0037,9,500,-13.95,0,-0.3536
378,train_9x9_0209,9,500,-14.03,0,-0.3497
379,train_9x9_0434,9,500,-13.76,0,-0.2308
380,train_9x9_0337,9,500,-14.07,0,-0.35
381,train_9x9_0424,9,500,-13.04,0,-0.2511
382,train_9x9_0237,9,500,-14.02,0,-0.3919
383,train_9x9_0318,9,500,-14.31,0,-0.3496
384,train_9x9_0262,9,222,-4.58,1,2.089
385,train_9x9_0412,9,500,-13.16,0,-0.3024
386,train_9x9_0220,9,500,-14.08,0,-0.2414
387,train_9x9_0356,9,500,-13.55,0,-0.2503
388,train_9x9_0090,9,500,-14.12,0,-0.3091
389,train_9x9_0004,9,30,1.63,1,5.801
390,train_9x9_0146,9,44,0.12,1,5.709
391,train_9x9_0143,9,500,-13.51,0,-0.2892
392,train_9x9_0109,9,500,-14.34,0,-0.2651
393,train_9x9_0176,9,482,-10.89,1,0.7006
394,train_9x9_0494,9,293,-5.91,1,1.6519
395,train_9x9_0252,9,423,-9.8,1,0.7763
396,train_9x9_0413,9,500,-14.19,0,-0.3335
397,train_9x9_0424,9,500,-14.1,0,-0.3203
398,train_9x9_0269,9,223,-4.02,1,1.3252
399,train_9x9_0116,9,174,-2.87,1,2.5117
400,train_9x9_0078,9,12,1.85,1,4.4583
401,train_9x9_0089,9,500,-13.64,0,-0.1861
402,train_9x9_0421,9,500,-12.99,0,-0.3741
403,train_9x9_0131,9,500,-13.47,0,-0.4166
404,train_9x9_0307,9,24,1.47,1,5.1854
405,train_9x9_0182,9,465,-11.14,1,0.1161
406,train_9x9_0245,9,500,-13.17,0,-0.3412
407,train_9x9_0463,9,500,-14.2,0,-0.4563
408,train_9x9_0273,9,112,-0.69,1,3.0437
409,train_9x9_0487,9,500,-13.93,0,-0.5082
410,train_9x9_0011,9,500,-13.83,0,-0.4701
411,train_9x9_0379,9,201,-3.01,1,1.3947
412,train_9x9_0251,9,500,-14.36,0,-0.481
413,train_9x9_0101,9,189,-3.06,1,2.0175
414,train_9x9_0045,9,127,-1.1,1,1.7487
415,train_9x9_0141,9,340,-7.45,1,0.4862
416,train_9x9_0055,9,500,-14.13,0,-0.4922
417,train_9x9_0461,9,134,-0.91,1,2.3901
418,train_9x9_0109,9,500,-14.37,0,-0.5193
419,train_9x9_0105,9,53,0.89,1,3.7123
420,train_9x9_0415,9,500,-14.03,0,-0.4922
421,train_9x9_0339,9,500,-13.41,0,-0.5651
422,train_9x9_0109,9,419,-10.47,1,0.0567
423,train_9x9_0228,9,500,-13.31,0,-0.5182
424,train_9x9_0376,9,500,-14.71,0,-0.5216
425,train_9x9_0419,9,144,-1.58,1,1.904
426,train_9x9_0250,9,500,-14.49,0,-0.5004
427,train_9x9_0186,9,304,-6.66,1,0.5017
428,train_9x9_0322,9,299,-6.31,1,0.8757
429,train_9x9_0338,9,71,0.49,1,2.9281
430,train_9x9_0421,9,190,-3.25,1,1.2656
431,train_9x9_0149,9,290,-5.92,1,1.1216
432,train_9x9_0206,9,500,-14.1,0,-0.4996
433,train_9x9_0172,9,331,-8.05,1,0.5068
434,train_9x9_0337,9,500,-13.91,0,-0.5227
435,train_9x9_0181,9,500,-14.27,0,-0.5232
436,train_9x9_0441,9,500,-14.44,0,-0.5275
437,train_9x9_0436,9,348,-7.72,1,0.2279
438,train_9x9_0139,9,500,-12.96,0,-0.3687
439,train_9x9_0023,9,83,-0.55,1,2.5147
440,train_9x9_0369,9,409,-9.38,1,0.3644
441,train_9x9_0254,9,451,-11.26,1,0.0266
442,train_9x9_0224,9,500,-14.28,0,-0.467
443,train_9x9_0153,9,500,-14.43,0,-0.4725
444,train_9x9_0132,9,500,-14.72,0,-0.4227
445,train_9x9_0345,9,500,-12.78,0,-0.355
446,train_9x9_0237,9,500,-12.95,0,-0.2372
447,train_9x9_0071,9,32,1.39,1,5.2429
448,train_9x9_0130,9,82,-0.22,1,3.7632
449,train_9x9_0367,9,359,-8.6,1,0.9129
450,train_9x9_0078,9,10,1.88,1,4.5592
451,train_9x9_0313,9,500,-13.13,0,-0.3451
452,train_9x9_0443,9,500,-14.59,0,-0.3766
453,train_9x9_0134,9,500,-14.06,0,-0.4169
454,train_9x9_0366,9,500,-12.96,0,-0.3254
455,train_9x9_0493,9,500,-13.87,0,-0.393
456,train_9x9_0464,9,500,-14.38,0,-0.351
457,train_9x9_0418,9,500,-13.48,0,-0.3389
458,train_9x9_0313,9,500,-13.86,0,-0.294
459,train_9x9_0059,9,83,-0.17,1,3.8576
460,train_9x9_0246,9,415,-10.27,1,0.3223
461,train_9x9_0465,9,500,-13.58,0,-0.3467
462,train_9x9_0254,9,426,-9.99,1,0.5966
463,train_9x9_0265,9,500,-13.63,0,-0.281
464,train_9x9_0054,9,332,-6.97,1,0.7138
465,train_9x9_0480,9,500,-13.94,0,-0.2624
466,train_9x9_0084,9,500,-14.51,0,-0.2891
467,train_9x9_0021,9,500,-12.44,0,-0.0048
468,train_9x9_0009,9,500,-13.17,0,-0.0391
469,train_9x9_0050,9,500,-14.03,0,-0.1991
470,train_9x9_0488,9,419,-10.05,1,0.6757
471,train_9x9_0150,9,500,-13.45,0,0.0392
472,train_9x9_0398,9,500,-14.28,0,-0.2126
473,train_9x9_0026,9,364,-8.09,1,1.0646
474,train_9x9_0309,9,316,-7.39,1,1.2612
475,train_9x9_0077,9,355,-8.03,1,1.3722
476,train_9x9_0070,9,500,-14.08,0,-0.1303
477,train_9x9_0242,9,500,-13.69,0,-0.2495
478,train_9x9_0379,9,198,-2.9,1,3.3683
479,train_9x9_0164,9,308,-6.2,1,1.7191
480,train_9x9_0225,9,500,-14.84,0,-0.2988
481,train_9x9_0016,9,500,-14.41,0,-0.3002
482,train_9x9_0257,9,329,-7.68,1,1.4983
483,train_9x9_0481,9,196,-3.31,1,2.1288
484,train_9x9_0267,9,500,-14.68,0,-0.2957
485,train_9x9_0278,9,233,-4.57,1,1.7749
486,train_9x9_0145,9,500,-13.98,0,-0.3141
487,train_9x9_0202,9,500,-14.79,0,-0.3411
488,train_9x9_0061,9,500,-13.69,0,-0.1823
489,train_9x9_0030,9,371,-8.77,1,0.5816
490,train_9x9_0305,9,500,-14.37,0,-0.3664
491,train_9x9_0451,9,483,-11.13,1,0.2766
492,train_9x9_0365,9,261,-4.83,1,1.7573
493,train_9x9_0471,9,429,-9.9,1,0.4446
494,train_9x9_0025,9,254,-4.65,1,1.2584
495,train_9x9_0341,9,500,-13.33,0,-0.2153
496,train_9x9_0160,9,241,-5.09,1,1.9174
497,train_9x9_0098,9,500,-13.28,0,-0.3208
498,train_9x9_0260,9,500,-14.03,0,-0.4354
499,train_9x9_0121,9,500,-13.26,0,-0.3167
500,train_9x9_0103,9,451,-10.47,1,0.2909
501,train_9x9_0069,9,500,-14.19,0,-0.4533
502,train_9x9_0221,9,88,-0.57,1,4.8063
503,train_9x9_0440,9,67,0.38,1,5.7854
504,train_9x9_0380,9,177,-2.9,1,1.6314
505,train_9x9_0296,9,500,-12.7,0,-0.3219
506,train_9x9_0370,9,500,-14.16,0,-0.5111
507,train_9x9_0229,9,290,-5.73,1,0.9676
508,train_9x9_0394,9,220,-3.77,1,1.3739
509,train_9x9_0330,9,500,-14.16,0,-0.5931
510,train_9x9_0089,9,500,-13.25,0,-0.4553
511,train_9x9_0370,9,500,-13.97,0,-0.5802
512,train_9x9_0219,9,500,-13.49,0,-0.5096
513,train_9x9_0181,9,181,-3.48,1,1.2285
514,train_9x9_0199,9,500,-14.56,0,-0.5807
515,train_9x9_0249,9,267,-5.53,1,0.6952
516,train_9x9_0389,9,451,-10.62,1,-0.0342
517,train_9x9_0389,9,500,-13.33,0,-0.4727
518,train_9x9_0178,9,450,-10.75,1,0.1413
519,train_9x9_0487,9,500,-13.41,0,-0.365
520,train_9x9_0026,9,500,-12.76,0,-0.371
521,train_9x9_0042,9,33,1.17,1,5.0918
522,train_9x9_0386,9,408,-9.13,1,0.4883
523,train_9x9_0401,9,500,-13.57,0,-0.5009
524,train_9x9_0199,9,500,-14.88,0,-0.462
525,train_9x9_0172,9,275,-5.67,1,0.8473
526,train_9x9_0256,9,92,0.04,1,4.2559
527,train_9x9_0446,9,252,-5.82,1,0.8995
528,train_9x9_0444,9,500,-12.92,0,-0.3925
529,train_9x9_0266,9,500,-12.85,0,-0.3489
530,train_9x9_0358,9,500,-14.06,0,-0.4553
531,train_9x9_0221,9,16,1.59,1,5.3306
532,train_9x9_0231,9,7,1.79,1,4.4731
533,train_9x9_0167,9,500,-13.23,0,-0.3598
534,train_9x9_0249,9,303,-6.43,1,0.6479
535,train_9x9_0255,9,500,-14.08,0,-0.4728
536,train_9x9_0106,9,108,-0.41,1,3.3246
537,train_9x9_0347,9,100,-0.74,1,3.2672
538,train_9x9_0295,9,179,-3.16,1,2.0982
539,train_9x9_0198,9,500,-14.01,0,-0.5552
540,train_9x9_0092,9,152,-2.6,1,1.3507
541,train_9x9_0210,9,500,-13.73,0,-0.5936
542,train_9x9_0184,9,273,-5.83,1,0.826
543,train_9x9_0467,9,174,-2.52,1,1.6944
544,train_9x9_0136,9,500,-13.81,0,-0.6387
545,train_9x9_0127,9,500,-14.41,0,-0.6495
546,train_9x9_0175,9,315,-6.62,1,0.1692
547,train_9x9_0341,9,119,-0.54,1,2.9243
548,train_9x9_0072,9,500,-13.89,0,-0.644
549,train_9x9_0008,9,500,-13.13,0,-0.6333
550,train_9x9_0293,9,73,-0.35,1,3.021
551,train_9x9_0444,9,500,-13.19,0,-0.6355
552,train_9x9_0087,9,500,-12.95,0,-0.6119
553,train_9x9_0085,9,500,-14.83,0,-0.6613
554,train_9x9_0170,9,500,-14.21,0,-0.6336
555,train_9x9_0127,9,500,-14.12,0,-0.6624
556,train_9x9_0180,9,500,-14.8,0,-0.619
557,train_9x9_0222,9,338,-7.31,1,0.3897
558,train_9x9_0354,9,500,-14.3,0,-0.5731
559,train_9x9_0307,9,500,-14.16,0,-0.5425
560,train_9x9_0439,9,500,-13.94,0,-0.5234
561,train_9x9_0082,9,268,-4.84,1,1.2267
562,train_9x9_0162,9,500,-14.19,0,-0.4439
563,train_9x9_0399,9,500,-14.66,0,-0.427
564,train_9x9_0340,9,500,-14.31,0,-0.3847
565,train_9x9_0104,9,111,-0.91,1,3.058
566,train_9x9_0074,9,500,-13.63,0,-0.3343
567,train_9x9_0241,9,101,-0.43,1,3.6034
568,train_9x9_0040,9,500,-14.2,0,-0.297
569,train_9x9_0020,9,500,-14.53,0,-0.2768
570,train_9x9_0212,9,425,-10.2,1,0.5309
571,train_9x9_0455,9,500,-13.6,0,-0.1675
572,train_9x9_0451,9,204,-3.13,1,2.5054
573,train_9x9_0312,9,500,-14.41,0,-0.279
574,train_9x9_0020,9,237,-4.39,1,2.0041
575,train_9x9_0349,9,500,-14.09,0,-0.2861
576,train_9x9_0355,9,242,-4.51,1,1.8298
577,train_9x9_0028,9,333,-6.78,1,1.4176
578,train_9x9_0354,9,500,-14.14,0,-0.2993
579,train_9x9_0439,9,500,-13.94,0,-0.3314
580,train_9x9_0053,9,500,-14.1,0,-0.3056
581,train_9x9_0384,9,500,-13.52,0,-0.2759
582,train_9x9_0075,9,500,-13.85,0,-0.2126
583,train_9x9_0449,9,67,-0.02,1,3.7208
584,train_9x9_0351,9,500,-13.7,0,-0.2885
585,train_9x9_0307,9,500,-13.96,0,-0.2865
586,train_9x9_0419,9,395,-8.63,1,0.9438
587,train_9x9_0276,9,109,-1.01,1,3.7368
588,train_9x9_0083,9,500,-14.38,0,-0.2864
589,train_9x9_0386,9,432,-9.58,1,0.477
590,train_9x9_0330,9,281,-5.82,1,1.6497
591,train_9x9_0118,9,51,0.82,1,5.7655
592,train_9x9_0201,9,500,-13.42,0,-0.2036
593,train_9x9_0337,9,500,-13.89,0,-0.408
594,train_9x9_0001,9,500,-12.74,0,-0.2743
595,train_9x9_0009,9,500,-14.19,0,-0.4314
596,train_9x9_0206,9,500,-13.01,0,-0.4144
597,train_9x9_0492,9,258,-5.48,1,1.0407
598,train_9x9_0080,9,500,-13.89,0,-0.4491
599,train_9x9_0268,9,500,-13.98,0,-0.4576
600,train_9x9_0432,9,500,-13.71,0,-0.4203
601,train_9x9_0469,9,500,-14.23,0,-0.45
602,train_9x9_0312,9,427,-9.75,1,0.3994
603,train_9x9_0103,9,500,-14.57,0,-0.4019
604,train_9x9_0125,9,346,-7.66,1,0.9397
605,train_9x9_0230,9,302,-6.08,1,0.9407
606,train_9x9_0236,9,284,-5.87,1,0.8625
607,train_9x9_0300,9,228,-5.0,1,1.2445
608,train_9x9_0410,9,437,-10.32,1,0.611
609,train_9x9_0321,9,162,-2.47,1,2.8688
610,train_9x9_0252,9,443,-10.34,1,0.4402
611,train_9x9_0440,9,321,-6.8,1,0.8467
612,train_9x9_0194,9,344,-7.89,1,0.5388
613,train_9x9_0121,9,500,-14.21,0,-0.4344
614,train_9x9_0082,9,243,-4.03,1,1.2622
615,train_9x9_0096,9,177,-3.1,1,2.1369
616,train_9x9_0440,9,153,-1.96,1,2.2495
617,train_9x9_0225,9,369,-7.94,1,0.7672
618,train_9x9_0335,9,500,-14.85,0,-0.5033
619,train_9x9_0333,9,305,-6.33,1,0.7133
620,train_9x9_0496,9,271,-5.24,1,0.8344
621,train_9x9_0304,9,500,-13.63,0,-0.5632
622,train_9x9_0275,9,500,-14.36,0,-0.5534
623,train_9x9_0141,9,19,1.47,1,5.2163
624,train_9x9_0313,9,500,-13.96,0,-0.5557
625,train_9x9_0292,9,500,-13.69,0,-0.5564
626,train_9x9_0127,9,370,-8.05,1,0.4652
627,train_9x9_0284,9,500,-13.13,0,-0.5174
628,train_9x9_0459,9,141,-1.44,1,2.1161
629,train_9x9_0021,9,500,-14.0,0,-0.5493
630,train_9x9_0459,9,500,-13.12,0,-0.557
631,train_9x9_0106,9,500,-13.01,0,-0.4105
632,train_9x9_0484,9,91,-0.09,1,3.4606
633,train_9x9_0325,9,500,-14.27,0,-0.5511
634,train_9x9_0058,9,500,-13.4,0,-0.5548
635,train_9x9_0103,9,500,-14.17,0,-0.5786
636,train_9x9_0217,9,499,-11.62,1,0.2282
637,train_9x9_0186,9,27,1.36,1,5.9059
638,train_9x9_0280,9,40,1.2,1,3.9475
639,train_9x9_0343,9,464,-11.09,1,-0.0087
640,train_9x9_0340,9,500,-14.31,0,-0.5566
641,train_9x9_0272,9,500,-14.13,0,-0.539
642,train_9x9_0397,9,500,-14.38,0,-0.5471
643,train_9x9_0041,9,341,-6.95,1,0.5997
644,train_9x9_0013,9,500,-13.28,0,-0.5065
645,train_9x9_0011,9,500,-14.29,0,-0.5033
646,train_9x9_0005,9,500,-13.8,0,-0.5094
647,train_9x9_0202,9,500,-13.66,0,-0.2329
648,train_9x9_0054,9,335,-7.06,1,1.0233
649,train_9x9_0486,9,379,-8.12,1,0.8242
650,train_9x9_0406,9,424,-9.73,1,0.468
651,train_9x9_0286,9,500,-13.84,0,-0.2586
652,train_9x9_0368,9,500,-13.9,0,-0.4079
653,train_9x9_0432,9,500,-13.82,0,-0.3939
654,train_9x9_0307,9,500,-14.0,0,-0.3448
655,train_9x9_0153,9,404,-10.16,1,0.6953
656,train_9x9_0357,9,349,-8.64,1,0.6265
657,train_9x9_0287,9,187,-3.44,1,2.7414
658,train_9x9_0354,9,500,-12.77,0,-0.03
659,train_9x9_0299,9,129,-1.1,1,4.1777
660,train_9x9_0070,9,130,-2.03,1,2.8819
661,train_9x9_0128,9,500,-14.25,0,-0.3329
662,train_9x9_0363,9,220,-4.43,1,1.3307
663,train_9x9_0208,9,500,-14.11,0,-0.3655
664,train_9x9_0187,9,500,-13.77,0,-0.3906
665,train_9x9_0426,9,500,-13.15,0,-0.2454
666,train_9x9_0116,9,100,-0.53,1,3.4084
667,train_9x9_0358,9,500,-13.02,0,-0.2166
668,train_9x9_0426,9,500,-14.76,0,-0.4244
669,train_9x9_0145,9,500,-14.55,0,-0.4176
670,train_9x9_0473,9,500,-14.0,0,-0.4311
671,train_9x9_0036,9,500,-13.76,0,-0.3906
672,train_9x9_0461,9,437,-9.5,1,0.4273
673,train_9x9_0250,9,500,-14.61,0,-0.4175
674,train_9x9_0004,9,339,-7.18,1,0.9401
675,train_9x9_0387,9,334,-6.89,1,1.1495
676,train_9x9_0464,9,500,-14.1,0,-0.3739
677,train_9x9_0127,9,500,-14.18,0,-0.3728
678,train_9x9_0278,9,500,-13.77,0,-0.1861
679,train_9x9_0161,9,500,-14.28,0,-0.3694
680,train_9x9_0363,9,228,-4.47,1,1.3483
681,train_9x9_0438,9,500,-13.35,0,-0.0691
682,train_9x9_0273,9,355,-7.84,1,1.1089
683,train_9x9_0429,9,500,-14.0,0,-0.2119
684,train_9x9_0250,9,500,-14.96,0,-0.2717
685,train_9x9_0091,9,344,-7.77,1,0.9893
686,train_9x9_0385,9,30,1.25,1,6.83
687,train_9x9_0324,9,413,-9.76,1,0.5407
688,train_9x9_0135,9,500,-13.84,0,-0.3031
689,train_9x9_0027,9,212,-3.38,1,2.3916
690,train_9x9_0032,9,139,-1.54,1,3.1627
691,train_9x9_0265,9,134,-1.39,1,3.5781
692,train_9x9_0445,9,500,-13.17,0,-0.1861
693,train_9x9_0202,9,500,-13.39,0,-0.3778
694,train_9x9_0199,9,414,-9.76,1,0.2217
695,train_9x9_0349,9,500,-14.03,0,-0.4768
696,train_9x9_0498,9,129,-1.53,1,3.2117
697,train_9x9_0356,9,500,-13.46,0,-0.2147
698,train_9x9_0279,9,302,-6.56,1,1.1559
699,train_9x9_0115,9,240,-4.65,1,1.1263
700,train_9x9_0404,9,500,-14.06,0,-0.5654
701,train_9x9_0469,9,71,0.26,1,3.8889
702,train_9x9_0270,9,319,-6.55,1,0.8064
703,train_9x9_0410,9,500,-13.99,0,-0.6234
704,train_9x9_0240,9,500,-14.36,0,-0.5796
705,train_9x9_0152,9,500,-12.85,0,-0.3876
706,train_9x9_0468,9,107,-0.36,1,3.2796
707,train_9x9_0008,9,500,-13.33,0,-0.6057
708,train_9x9_0044,9,500,-12.99,0,-0.5622
709,train_9x9_0114,9,500,-12.84,0,-0.587
710,train_9x9_0470,9,500,-13.12,0,-0.5126
711,train_9x9_0402,9,500,-13.89,0,-0.6348
712,train_9x9_0094,9,500,-12.85,0,-0.3535
713,train_9x9_0050,9,500,-13.0,0,-0.4816
714,train_9x9_0103,9,500,-13.43,0,-0.3324
715,train_9x9_0393,9,500,-13.99,0,-0.5295
716,train_9x9_0037,9,60,0.85,1,3.892
717,train_9x9_0091,9,122,-1.0,1,2.7419
718,train_9x9_0091,9,171,-2.37,1,2.1807
719,train_9x9_0351,9,500,-13.74,0,-0.5576
720,train_9x9_0214,9,139,-1.4,1,2.5847
721,train_9x9_0091,9,72,0.39,1,3.8557
722,train_9x9_0054,9,500,-14.38,0,-0.5524
723,train_9x9_0300,9,125,-1.49,1,1.9583
724,train_9x9_0260,9,500,-13.83,0,-0.6093
725,train_9x9_0271,9,500,-15.16,0,-0.5435
726,train_9x9_0041,9,500,-14.21,0,-0.6078
727,train_9x9_0354,9,500,-14.01,0,-0.5449
728,train_9x9_0498,9,450,-11.5,1,0.2192
729,train_9x9_0251,9,500,-14.18,0,-0.5837
730,train_9x9_0457,9,500,-14.22,0,-0.5892
731,train_9x9_0213,9,208,-3.49,1,1.1163
732,train_9x9_0247,9,112,-0.78,1,2.8042
733,train_9x9_0459,9,88,-0.29,1,2.7929
734,train_9x9_0171,9,385,-9.39,1,0.1146
735,train_9x9_0143,9,428,-10.76,1,0.1421
736,train_9x9_0461,9,444,-10.41,1,0.1923
737,train_9x9_0231,9,82,-0.12,1,3.0061
738,train_9x9_0180,9,500,-14.47,0,-0.5756
739,train_9x9_0496,9,500,-14.18,0,-0.5742
740,train_9x9_0440,9,500,-13.8,0,-0.603
741,train_9x9_0263,9,208,-3.53,1,1.1362
742,train_9x9_0246,9,500,-13.67,0,-0.5492
743,train_9x9_0478,9,255,-4.62,1,1.504
744,train_9x9_0375,9,170,-2.4,1,1.9991
745,train_9x9_0461,9,403,-9.15,1,0.5816
746,train_9x9_0484,9,500,-13.99,0,-0.5324
747,train_9x9_0078,9,103,-0.82,1,3.4324
748,train_9x9_0221,9,132,-1.96,1,2.4508
749,train_9x9_0244,9,500,-14.74,0,-0.5063
750,train_9x9_0394,9,260,-5.45,1,0.6778
751,train_9x9_0212,9,467,-10.39,1,0.1077
752,train_9x9_0363,9,500,-13.51,0,-0.6061
753,train_9x9_0189,9,139,-1.58,1,1.8275
754,train_9x9_0221,9,500,-14.27,0,-0.5661
755,train_9x9_0339,9,500,-13.48,0,-0.6025
756,train_9x9_0162,9,350,-7.28,1,0.6116
757,train_9x9_0378,9,206,-3.64,1,1.6373
758,train_9x9_0169,9,500,-14.08,0,-0.6225
759,train_9x9_0247,9,122,-1.23,1,2.942
760,train_9x9_0446,9,500,-14.16,0,-0.5882
761,train_9x9_0256,9,500,-13.64,0,-0.5901
762,train_9x9_0300,9,33,0.83,1,3.9303
763,train_9x9_0190,9,88,-0.82,1,3.206
764,train_9x9_0324,9,500,-14.37,0,-0.6137
765,train_9x9_0072,9,500,-13.47,0,-0.4642
766,train_9x9_0089,9,500,-14.24,0,-0.6433
767,train_9x9_0134,9,500,-14.02,0,-0.6251
768,train_9x9_0473,9,500,-13.15,0,-0.5934
769,train_9x9_0176,9,500,-13.91,0,-0.5626
770,train_9x9_0131,9,500,-13.73,0,-0.4578
771,train_9x9_0478,9,500,-12.2,1,0.283
772,train_9x9_0048,9,59,0.07,1,3.8639
773,train_9x9_0335,9,174,-3.04,1,1.9779
774,train_9x9_0022,9,500,-13.33,0,-0.4653
775,train_9x9_0115,9,500,-14.35,0,-0.4969
776,train_9x9_0150,9,500,-13.45,0,-0.2652
777,train_9x9_0422,9,500,-12.6,0,-0.3705
778,train_9x9_0482,9,500,-13.69,0,-0.4377
779,train_9x9_0489,9,500,-13.85,0,-0.4378
780,train_9x9_0364,9,416,-9.4,1,0.2218
781,train_9x9_0414,9,500,-14.15,0,-0.4793
782,train_9x9_0299,9,405,-9.01,1,0.4613
783,train_9x9_0319,9,500,-13.03,0,-0.2018
784,train_9x9_0291,9,500,-13.19,0,-0.0903
785,train_9x9_0418,9,500,-13.35,0,-0.3065
786,train_9x9_0304,9,500,-13.54,0,-0.2154
787,train_9x9_0230,9,136,-1.08,1,4.399
788,train_9x9_0445,9,500,-14.38,0,-0.2026
789,train_9x9_0403,9,500,-13.87,0,-0.2587
790,train_9x9_0035,9,500,-14.66,0,-0.3477
791,train_9x9_0016,9,500,-14.64,0,-0.2686
792,train_9x9_0461,9,500,-12.57,0,-0.0073
793,train_9x9_0479,9,260,-5.1,1,1.5141
794,train_9x9_0163,9,228,-4.65,1,1.8308
795,train_9x9_0111,9,238,-4.37,1,2.2219
796,train_9x9_0213,9,500,-13.06,0,0.0122
797,train_9x9_0041,9,308,-6.33,1,1.5235
798,train_9x9_0363,9,500,-13.41,0,-0.2316
799,train_9x9_0231,9,16,1.52,1,5.272
800,train_9x9_0434,9,500,-14.09,0,-0.2555
801,train_9x9_0159,9,500,-14.14,0,-0.2604
802,train_9x9_0493,9,500,-13.84,0,-0.2695
803,train_9x9_0348,9,233,-4.47,1,2.3509
804,train_9x9_0260,9,500,-13.93,0,-0.2942
805,train_9x9_0035,9,500,-13.66,0,-0.1395
806,train_9x9_0382,9,500,-12.98,0,-0.1546
807,train_9x9_0452,9,129,-1.1,1,3.6502
808,train_9x9_0131,9,500,-13.82,0,-0.3443
809,train_9x9_0328,9,500,-13.27,0,-0.3663
810,train_9x9_0331,9,500,-12.83,0,-0.194
811,train_9x9_0288,9,500,-14.23,0,-0.4098
812,train_9x9_0386,9,500,-12.73,0,-0.2828
813,train_9x9_0064,9,500,-13.98,0,-0.3827
814,train_9x9_0047,9,500,-12.95,0,-0.0895
815,train_9x9_0022,9,500,-12.74,0,-0.2538
816,train_9x9_0298,9,222,-3.64,1,2.0292
817,train_9x9_0499,9,500,-13.98,0,-0.1041
818,train_9x9_0325,9,434,-10.88,1,0.7769
819,train_9x9_0227,9,247,-4.88,1,1.3657
820,train_9x9_0338,9,119,-1.21,1,2.9128
821,train_9x9_0007,9,500,-12.59,0,-0.1278
822,train_9x9_0046,9,500,-12.74,0,-0.1534
823,train_9x9_0451,9,500,-13.03,0,-0.2204
824,train_9x9_0451,9,500,-13.29,0,-0.3158
825,train_9x9_0358,9,500,-14.08,0,-0.3531
826,train_9x9_0434,9,500,-13.76,0,-0.3726
827,train_9x9_0144,9,500,-13.05,0,-0.3453
828,train_9x9_0268,9,425,-9.41,1,0.4813
829,train_9x9_0405,9,500,-12.88,0,-0.0651
830,train_9x9_0125,9,500,-14.27,0,-0.3214
831,train_9x9_0352,9,381,-8.7,1,0.8407
832,train_9x9_0424,9,500,-13.88,0,-0.2679
833,train_9x9_0058,9,190,-2.91,1,2.6776
834,train_9x9_0465,9,500,-13.54,0,-0.2941
835,train_9x9_0022,9,500,-13.0,0,-0.1169
836,train_9x9_0233,9,79,-0.32,1,3.9766
837,train_9x9_0132,9,130,-2.02,1,3.7628
838,train_9x9_0199,9,403,-9.89,1,0.6477
839,train_9x9_0036,9,500,-14.25,0,-0.337
840,train_9x9_0124,9,500,-12.46,0,-0.0572
841,train_9x9_0336,9,117,-0.77,1,4.3062
842,train_9x9_0361,9,500,-13.12,0,-0.3382
843,train_9x9_0480,9,47,0.73,1,5.0399
844,train_9x9_0224,9,210,-3.26,1,2.1648
845,train_9x9_0199,9,290,-6.1,1,0.6892
846,train_9x9_0226,9,148,-1.42,1,3.1733
847,train_9x9_0044,9,204,-3.46,1,1.2309
848,train_9x9_0122,9,500,-14.14,0,-0.5704
849,train_9x9_0378,9,500,-14.48,0,-0.6081
850,train_9x9_0395,9,500,-14.59,0,-0.6093
851,train_9x9_0130,9,249,-4.58,1,0.6436
852,train_9x9_0038,9,368,-8.4,1,0.2836
853,train_9x9_0299,9,310,-6.56,1,0.4967
854,train_9x9_0041,9,500,-12.97,0,-0.5639
855,train_9x9_0159,9,448,-10.5,1,-0.2447
856,train_9x9_0345,9,500,-13.3,0,-0.513
857,train_9x9_0288,9,500,-13.55,0,-0.6275
858,train_9x9_0418,9,500,-13.4,0,-0.6371
859,train_9x9_0174,9,500,-14.17,0,-0.6362
860,train_9x9_0490,9,62,0.15,1,4.0512
861,train_9x9_0232,9,95,-0.28,1,3.447
862,train_9x9_0336,9,498,-11.43,1,-0.1746
863,train_9x9_0301,9,500,-13.09,0,-0.5568
864,train_9x9_0373,9,500,-13.08,0,-0.5632
865,train_9x9_0078,9,23,0.91,1,4.5488
866,train_9x9_0306,9,500,-14.65,0,-0.6449
867,train_9x9_0478,9,282,-5.05,1,0.8175
868,train_9x9_0396,9,500,-13.15,0,-0.5863
869,train_9x9_0428,9,40,0.97,1,4.162
870,train_9x9_0440,9,500,-13.85,0,-0.6017
871,train_9x9_0301,9,247,-4.54,1,0.8197
872,train_9x9_0488,9,92,-0.86,1,4.0047
873,train_9x9_0008,9,500,-13.25,0,-0.6068
874,train_9x9_0167,9,297,-5.95,1,0.4265
875,train_9x9_0011,9,500,-13.59,0,-0.5551
876,train_9x9_0039,9,132,-1.07,1,2.3658
877,train_9x9_0264,9,43,1.17,1,3.304
878,train_9x9_0445,9,298,-6.19,1,0.4473
879,train_9x9_0327,9,235,-4.36,1,1.1416
880,train_9x9_0277,9,428,-9.49,1,-0.1172
881,train_9x9_0473,9,500,-13.26,0,-0.6003
882,train_9x9_0215,9,500,-13.34,0,-0.4776
883,train_9x9_0150,9,335,-7.08,1,0.3711
884,train_9x9_0422,9,500,-13.62,0,-0.6967
885,train_9x9_0073,9,260,-4.88,1,0.7557
886,train_9x9_0391,9,232,-4.36,1,0.7706
887,train_9x9_0493,9,363,-7.38,1,0.2061
888,train_9x9_0165,9,500,-14.13,0,-0.679
889,train_9x9_0399,9,500,-12.9,0,-0.6703
890,train_9x9_0404,9,500,-13.1,0,-0.6042
891,train_9x9_0148,9,78,0.06,1,2.8951
892,train_9x9_0215,9,500,-12.89,0,-0.5699
893,train_9x9_0029,9,200,-3.16,1,0.9982
894,train_9x9_0234,9,500,-14.0,0,-0.6142
895,train_9x9_0001,9,412,-9.12,1,0.1656
896,train_9x9_0246,9,332,-7.44,1,0.1835
897,train_9x9_0184,9,500,-13.97,0,-0.5971
898,train_9x9_0202,9,329,-7.16,1,0.5822
899,train_9x9_0108,9,500,-12.83,0,-0.5162
900,train_9x9_0188,9,500,-14.08,0,-0.5196
901,train_9x9_0370,9,500,-14.6,0,-0.5249
902,train_9x9_0309,9,77,0.59,1,3.364
903,train_9x9_0224,9,386,-8.67,1,0.7025
904,train_9x9_0278,9,500,-13.78,0,-0.2683
905,train_9x9_0460,9,191,-3.7,1,2.1534
906,train_9x9_0160,9,500,-12.9,0,-0.3688
907,train_9x9_0342,9,500,-13.01,0,-0.4851
908,train_9x9_0491,9,62,0.97,1,4.7412
909,train_9x9_0043,9,205,-3.64,1,1.8676
910,train_9x9_0327,9,500,-13.12,0,-0.2403
911,train_9x9_0489,9,232,-3.76,1,1.5448
912,train_9x9_0359,9,500,-14.11,0,-0.4762
913,train_9x9_0182,9,500,-13.75,0,-0.3914
914,train_9x9_0007,9,317,-6.26,1,0.7804
915,train_9x9_0392,9,113,-0.7,1,2.9502
916,train_9x9_0368,9,500,-14.34,0,-0.5208
917,train_9x9_0004,9,476,-11.43,1,-0.0458
918,train_9x9_0375,9,500,-12.88,0,-0.367
919,train_9x9_0318,9,226,-4.49,1,1.4591
920,train_9x9_0403,9,322,-6.28,1,1.0694
921,train_9x9_0120,9,66,-0.51,1,4.2527
922,train_9x9_0117,9,500,-13.8,0,-0.5144
923,train_9x9_0353,9,310,-6.93,1,0.7911
924,train_9x9_0020,9,500,-13.35,0,-0.4512
925,train_9x9_0201,9,500,-14.85,0,-0.5589
926,train_9x9_0163,9,493,-12.3,1,-0.1168
927,train_9x9_0464,9,188,-2.54,1,2.3218
928,train_9x9_0437,9,247,-4.96,1,0.7066
929,train_9x9_0425,9,500,-13.68,0,-0.5705
930,train_9x9_0266,9,193,-2.68,1,1.2457
931,train_9x9_0108,9,500,-12.93,0,-0.5251
932,train_9x9_0467,9,300,-6.45,1,1.0256
933,train_9x9_0163,9,500,-13.94,0,-0.5459
934,train_9x9_0239,9,500,-13.8,0,-0.5628
935,train_9x9_0449,9,151,-2.24,1,2.203
936,train_9x9_0406,9,304,-6.05,1,0.591
937,train_9x9_0076,9,500,-14.11,0,-0.5415
938,train_9x9_0407,9,500,-14.18,0,-0.5327
939,train_9x9_0136,9,323,-7.27,1,0.2998
940,train_9x9_0412,9,500,-13.84,0,-0.5438
941,train_9x9_0434,9,500,-14.13,0,-0.4987
942,train_9x9_0390,9,466,-10.47,1,0.2241
943,train_9x9_0302,9,500,-14.84,0,-0.4853
944,train_9x9_0407,9,500,-14.28,0,-0.454
945,train_9x9_0341,9,500,-13.2,0,-0.3768
946,train_9x9_0010,9,500,-13.89,0,-0.421
947,train_9x9_0116,9,361,-8.9,1,0.7944
948,train_9x9_0418,9,500,-13.66,0,-0.2619
949,train_9x9_0353,9,487,-11.42,1,0.4798
950,train_9x9_0328,9,500,-13.52,0,-0.3166
951,train_9x9_0411,9,349,-7.78,1,0.7042
952,train_9x9_0259,9,500,-13.07,0,-0.1196
953,train_9x9_0321,9,25,1.45,1,7.9345
954,train_9x9_0302,9,500,-13.18,0,-0.1514
955,train_9x9_0110,9,287,-6.18,1,1.2284
956,train_9x9_0147,9,500,-14.21,0,-0.2619
957,train_9x9_0038,9,500,-12.9,0,-0.047
958,train_9x9_0353,9,454,-10.87,1,0.9488
959,train_9x9_0377,9,500,-14.8,0,-0.272
960,train_9x9_0334,9,500,-13.32,0,-0.1673
961,train_9x9_0378,9,406,-9.92,1,0.9661
962,train_9x9_0241,9,92,-0.8,1,3.6402
963,train_9x9_0001,9,500,-13.99,0,-0.2207
964,train_9x9_0278,9,500,-13.43,0,-0.0534
965,train_9x9_0355,9,409,-9.18,1,0.7434
966,train_9x9_0435,9,180,-3.08,1,2.0358
967,train_9x9_0330,9,500,-14.08,0,-0.2947
968,train_9x9_0140,9,328,-6.87,1,1.0191
969,train_9x9_0161,9,500,-13.35,0,-0.3429
970,train_9x9_0260,9,378,-8.95,1,0.5823
971,train_9x9_0115,9,500,-14.08,0,-0.2981
972,train_9x9_0114,9,500,-12.95,0,-0.1348
973,train_9x9_0223,9,500,-13.45,0,-0.1724
974,train_9x9_0292,9,62,0.55,1,5.2967
975,train_9x9_0253,9,84,0.09,1,3.6259
976,train_9x9_0140,9,500,-13.21,0,-0.3389
977,train_9x9_0336,9,310,-6.05,1,1.5145
978,train_9x9_0123,9,500,-13.74,0,-0.4361
979,train_9x9_0143,9,500,-14.37,0,-0.4605
980,train_9x9_0488,9,415,-10.34,1,0.3732
981,train_9x9_0444,9,500,-13.08,0,-0.3794
982,train_9x9_0383,9,485,-11.87,1,0.0263
983,train_9x9_0327,9,500,-14.44,0,-0.4779
984,train_9x9_0494,9,500,-13.99,0,-0.4282
985,train_9x9_0385,9,500,-14.44,0,-0.4444
986,train_9x9_0231,9,16,1.15,1,5.6702
987,train_9x9_0307,9,436,-10.5,1,0.3936
988,train_9x9_0297,9,217,-3.82,1,1.6327
989,train_9x9_0437,9,500,-14.23,0,-0.4308
990,train_9x9_0297,9,71,0.27,1,3.5426
991,train_9x9_0077,9,500,-13.68,0,-0.1905
992,train_9x9_0317,9,500,-13.64,0,-0.4583
993,train_9x9_0358,9,500,-14.23,0,-0.4557
994,train_9x9_0003,9,63,0.26,1,5.3592
995,train_9x9_0279,9,500,-14.02,0,-0.4193
996,train_9x9_0313,9,90,0.25,1,4.3459
997,train_9x9_0228,9,119,-1.08,1,2.8595
998,train_9x9_0108,9,500,-13.34,0,-0.4044
999,train_9x9_0002,9,500,-13.51,0,-0.5558
1000,train_9x9_0475,9,500,-13.82,0,-0.5437
1001,train_9x9_0269,9,337,-7.63,1,0.2658
1002,train_9x9_0497,9,500,-14.32,0,-0.5979
1003,train_9x9_0149,9,322,-6.55,1,0.7427
1004,train_9x9_0441,9,426,-9.44,1,0.1409
1005,train_9x9_0213,9,500,-13.19,0,-0.495
1006,train_9x9_0237,9,500,-13.84,0,-0.511
1007,train_9x9_0383,9,83,-0.18,1,4.2096
1008,train_9x9_0382,9,500,-14.02,0,-0.5289
1009,train_9x9_0395,9,500,-13.04,0,-0.4061
1010,train_9x9_0149,9,500,-13.86,0,-0.5
1011,train_9x9_0314,9,140,-1.7,1,2.8389
1012,train_9x9_0477,9,500,-14.84,0,-0.51
1013,train_9x9_0238,9,500,-14.29,0,-0.5449
1014,train_9x9_0208,9,392,-9.08,1,0.1716
1015,train_9x9_0295,9,380,-8.68,1,0.605
1016,train_9x9_0390,9,216,-3.79,1,1.57
1017,train_9x9_0224,9,387,-8.65,1,0.6829
1018,train_9x9_0383,9,372,-8.41,1,0.6281
1019,train_9x9_0390,9,500,-14.29,0,-0.5001
1020,train_9x9_0396,9,306,-6.46,1,0.6587
1021,train_9x9_0456,9,500,-14.56,0,-0.5069
1022,train_9x9_0056,9,430,-9.75,1,0.3197
1023,train_9x9_0017,9,500,-13.57,0,-0.4147
1024,train_9x9_0418,9,500,-13.24,0,-0.3991
1025,train_9x9_0448,9,500,-14.35,0,-0.4574
1026,train_9x9_0005,9,23,1.24,1,6.3333
1027,train_9x9_0196,9,500,-13.97,0,-0.3952
1028,train_9x9_0353,9,500,-13.62,0,-0.1882
1029,train_9x9_0138,9,154,-2.09,1,2.9358
1030,train_9x9_0098,9,145,-1.72,1,2.3584
1031,train_9x9_0478,9,229,-3.66,1,1.9504
1032,train_9x9_0417,9,329,-6.78,1,0.9026
1033,train_9x9_0033,9,500,-13.2,0,-0.3066
1034,train_9x9_0486,9,500,-12.77,0,-0.2862
1035,train_9x9_0404,9,500,-12.91,0,-0.4794
1036,train_9x9_0494,9,189,-2.54,1,2.0953
1037,train_9x9_0089,9,500,-13.76,0,-0.4967
1038,train_9x9_0094,9,61,0.61,1,4.6798
1039,train_9x9_0060,9,500,-13.81,0,-0.5243
1040,train_9x9_0239,9,500,-14.34,0,-0.5655
1041,train_9x9_0125,9,500,-14.42,0,-0.5172
1042,train_9x9_0112,9,443,-10.26,1,0.3268
1043,train_9x9_0296,9,500,-13.94,0,-0.5791
1044,train_9x9_0308,9,500,-12.77,0,-0.4645
1045,train_9x9_0208,9,500,-13.52,0,-0.4706
1046,train_9x9_0398,9,500,-13.71,0,-0.4884
1047,train_9x9_0449,9,319,-7.12,1,0.9902
1048,train_9x9_0351,9,500,-13.14,0,-0.4089
1049,train_9x9_0471,9,500,-13.97,0,-0.4125
1050,train_9x9_0121,9,500,-13.17,0,-0.1281
1051,train_9x9_0201,9,500,-14.55,0,-0.3647
1052,train_9x9_0123,9,198,-3.39,1,2.0853
1053,train_9x9_0035,9,246,-4.06,1,1.6142
1054,train_9x9_0253,9,53,0.46,1,5.3086
1055,train_9x9_0147,9,500,-12.86,0,-0.2292
1056,train_9x9_0099,9,125,-1.21,1,3.3929
1057,train_9x9_0064,9,500,-13.31,0,-0.3225
1058,train_9x9_0448,9,500,-13.58,0,-0.2549
1059,train_9x9_0389,9,90,-0.46,1,4.4117
1060,train_9x9_0182,9,500,-13.33,0,-0.2965
1061,train_9x9_0382,9,251,-4.03,1,1.1358
1062,train_9x9_0418,9,500,-13.52,0,-0.4551
1063,train_9x9_0471,9,500,-14.39,0,-0.4767
1064,train_9x9_0310,9,500,-12.63,0,-0.2897
1065,train_9x9_0315,9,500,-12.97,0,-0.3204
1066,train_9x9_0094,9,232,-4.72,1,1.7827
1067,train_9x9_0350,9,164,-2.74,1,2.5885
1068,train_9x9_0336,9,500,-14.76,0,-0.5075
1069,train_9x9_0001,9,442,-10.26,1,0.4186
1070,train_9x9_0285,9,500,-14.06,0,-0.5156
1071,train_9x9_0115,9,500,-14.35,0,-0.5039
1072,train_9x9_0101,9,175,-2.34,1,2.4262
1073,train_9x9_0338,9,217,-3.85,1,1.111
1074,train_9x9_0087,9,120,-0.6,1,2.5269
1075,train_9x9_0301,9,69,0.45,1,3.8635
1076,train_9x9_0394,9,500,-14.15,0,-0.5541
1077,train_9x9_0321,9,500,-14.95,0,-0.5438
1078,train_9x9_0466,9,500,-14.62,0,-0.562
1079,train_9x9_0138,9,36,1.47,1,4.601
1080,train_9x9_0353,9,175,-2.23,1,1.657
1081,train_9x9_0100,9,500,-13.19,0,-0.4971
1082,train_9x9_0466,9,59,0.26,1,3.9349
1083,train_9x9_0229,9,377,-8.67,1,0.3756
1084,train_9x9_0388,9,73,-0.09,1,3.038
1085,train_9x9_0351,9,500,-13.28,0,-0.5812
1086,train_9x9_0231,9,69,-0.11,1,3.5021
1087,train_9x9_0125,9,95,-0.41,1,3.165
1088,train_9x9_0466,9,257,-5.06,1,0.4357
1089,train_9x9_0236,9,117,-1.32,1,1.4021
1090,train_9x9_0129,9,137,-1.78,1,1.3206
1091,train_9x9_0442,9,255,-4.48,1,0.6209
1092,train_9x9_0156,9,496,-11.58,1,-0.3099
1093,train_9x9_0319,9,476,-10.97,1,-0.2627
1094,train_9x9_0079,9,152,-1.79,1,1.1981
1095,train_9x9_0175,9,500,-13.37,0,-0.6296
1096,train_9x9_0404,9,137,-1.49,1,0.8238
1097,train_9x9_0391,9,465,-11.35,1,-0.155
1098,train_9x9_0085,9,162,-2.91,1,0.9284
1099,train_9x9_0488,9,457,-10.87,1,-0.3715
1100,train_9x9_0075,9,500,-13.6,0,-0.7665
1101,train_9x9_0422,9,500,-12.67,0,-0.7383
1102,train_9x9_0349,9,500,-13.38,0,-0.694
1103,train_9x9_0395,9,500,-13.0,0,-0.7602
1104,train_9x9_0442,9,292,-5.89,1,0.385
1105,train_9x9_0385,9,253,-5.19,1,0.1096
1106,train_9x9_0000,9,309,-6.14,1,0.2571
1107,train_9x9_0031,9,500,-14.1,0,-0.7267
1108,train_9x9_0193,9,500,-14.57,0,-0.6298
1109,train_9x9_0050,9,500,-12.82,0,-0.6156
1110,train_9x9_0004,9,98,-0.71,1,2.6707
1111,train_9x9_0467,9,106,-1.16,1,2.6436
1112,train_9x9_0111,9,130,-1.35,1,2.3316
1113,train_9x9_0469,9,220,-3.8,1,0.826
1114,train_9x9_0434,9,500,-13.35,0,-0.5954
1115,train_9x9_0073,9,500,-13.47,0,-0.5158
1116,train_9x9_0055,9,500,-13.96,0,-0.6616
1117,train_9x9_0020,9,500,-13.43,0,-0.6428
1118,train_9x9_0047,9,500,-14.9,0,-0.6452
1119,train_9x9_0408,9,286,-5.92,1,0.7921
1120,train_9x9_0226,9,369,-7.8,1,0.2689
1121,train_9x9_0246,9,253,-4.89,1,0.6403
1122,train_9x9_0193,9,500,-14.19,0,-0.5641
1123,train_9x9_0142,9,54,1.18,1,3.8324
1124,train_9x9_0265,9,287,-6.05,1,0.4189
1125,train_9x9_0478,9,500,-12.24,0,-0.3489
1126,train_9x9_0112,9,428,-8.97,1,0.156
1127,train_9x9_0447,9,500,-14.23,0,-0.5203
1128,train_9x9_0252,9,319,-6.62,1,0.9318
1129,train_9x9_0215,9,500,-14.17,0,-0.5289
1130,train_9x9_0399,9,65,0.48,1,3.7729
1131,train_9x9_0148,9,500,-14.45,0,-0.5371
1132,train_9x9_0489,9,500,-13.29,0,-0.238
1133,train_9x9_0471,9,500,-14.39,0,-0.5218
1134,train_9x9_0283,9,253,-5.15,1,0.7586
1135,train_9x9_0440,9,72,0.68,1,4.3578
1136,train_9x9_0364,9,500,-12.89,0,-0.365
1137,train_9x9_0116,9,464,-11.08,1,0.1041
1138,train_9x9_0208,9,500,-14.05,0,-0.3669
1139,train_9x9_0467,9,85,0.02,1,3.9254
1140,train_9x9_0411,9,500,-13.16,0,-0.3599
1141,train_9x9_0274,9,184,-3.47,1,1.4395
1142,train_9x9_0463,9,500,-13.07,0,-0.4092
1143,train_9x9_0315,9,500,-12.78,0,-0.3575
1144,train_9x9_0320,9,57,0.75,1,3.5853
1145,train_9x9_0305,9,500,-14.1,0,-0.4977
1146,train_9x9_0033,9,500,-13.04,0,-0.4786
1147,train_9x9_0489,9,500,-13.72,0,-0.5314
1148,train_9x9_0387,9,500,-13.37,0,-0.371
1149,train_9x9_0018,9,500,-13.41,0,-0.3829
1150,train_9x9_0462,9,103,-0.38,1,3.1068
1151,train_9x9_0139,9,500,-13.29,0,-0.2966
1152,train_9x9_0139,9,426,-9.34,1,0.1884
1153,train_9x9_0218,9,446,-10.11,1,0.3447
1154,train_9x9_0125,9,480,-11.54,1,0.4054
1155,train_9x9_0046,9,184,-2.8,1,2.3438
1156,train_9x9_0481,9,198,-3.29,1,1.7275
1157,train_9x9_0160,9,432,-10.11,1,0.235
1158,train_9x9_0314,9,500,-13.33,0,-0.413
1159,train_9x9_0134,9,500,-14.34,0,-0.4566
1160,train_9x9_0418,9,500,-13.47,0,-0.4402
1161,train_9x9_0119,9,500,-14.02,0,-0.4824
1162,train_9x9_0255,9,117,-0.99,1,3.708
1163,train_9x9_0013,9,500,-13.3,0,-0.205
1164,train_9x9_0349,9,500,-13.11,0,-0.2495
1165,train_9x9_0348,9,500,-13.79,0,-0.4175
1166,train_9x9_0286,9,145,-2.46,1,2.6929
1167,train_9x9_0020,9,371,-8.69,1,0.41
1168,train_9x9_0089,9,69,-0.07,1,3.8619
1169,train_9x9_0109,9,500,-14.29,0,-0.4411
1170,train_9x9_0324,9,500,-14.0,0,-0.363
1171,train_9x9_0476,9,500,-14.11,0,-0.5201
1172,train_9x9_0146,9,217,-4.43,1,1.4248
1173,train_9x9_0115,9,360,-8.46,1,0.3636
1174,train_9x9_0394,9,282,-5.96,1,0.9226
1175,train_9x9_0367,9,193,-3.01,1,1.5369
1176,train_9x9_0123,9,500,-13.26,0,-0.5137
1177,train_9x9_0492,9,328,-7.36,1,0.8035
1178,train_9x9_0076,9,55,0.69,1,4.4572
1179,train_9x9_0234,9,500,-13.96,0,-0.49
1180,train_9x9_0062,9,43,0.83,1,3.9994
1181,train_9x9_0280,9,45,0.94,1,3.4861
1182,train_9x9_0151,9,500,-14.89,0,-0.5495
1183,train_9x9_0200,9,425,-9.73,1,0.3505
1184,train_9x9_0409,9,500,-14.4,0,-0.5501
1185,train_9x9_0069,9,500,-13.05,0,-0.4135
1186,train_9x9_0271,9,246,-4.33,1,0.7906
1187,train_9x9_0050,9,500,-14.14,0,-0.5719
1188,train_9x9_0399,9,148,-2.48,1,2.0658
1189,train_9x9_0094,9,500,-14.01,0,-0.5905
1190,train_9x9_0091,9,29,1.65,1,5.4786
1191,train_9x9_0095,9,500,-13.77,0,-0.5589
1192,train_9x9_0285,9,500,-12.76,0,-0.5981
1193,train_9x9_0393,9,500,-14.15,0,-0.5685
1194,train_9x9_0083,9,500,-13.41,0,-0.5846
1195,train_9x9_0191,9,500,-14.47,0,-0.6056
1196,train_9x9_0025,9,500,-13.29,0,-0.5939
1197,train_9x9_0060,9,500,-13.72,0,-0.5038
1198,train_9x9_0228,9,500,-14.22,0,-0.5408
1199,train_9x9_0018,9,313,-6.54,1,0.5911
1200,train_9x9_0001,9,500,-13.04,0,-0.4007
1201,train_9x9_0270,9,500,-14.28,0,-0.4582
1202,train_9x9_0154,9,147,-2.52,1,2.4739
1203,train_9x9_0262,9,185,-2.53,1,2.1914
1204,train_9x9_0008,9,500,-12.73,0,-0.2785
1205,train_9x9_0072,9,416,-9.6,1,0.3796
1206,train_9x9_0447,9,500,-13.23,0,-0.1718
1207,train_9x9_0463,9,500,-14.2,0,-0.3853
1208,train_9x9_0415,9,297,-5.83,1,1.3374
1209,train_9x9_0154,9,127,-1.72,1,3.3961
1210,train_9x9_0271,9,500,-13.25,0,-0.1602
1211,train_9x9_0240,9,500,-13.72,0,-0.2129
1212,train_9x9_0286,9,500,-14.86,0,-0.3848
1213,train_9x9_0407,9,500,-14.31,0,-0.3596
1214,train_9x9_0008,9,201,-3.08,1,1.8869
1215,train_9x9_0203,9,500,-13.83,0,-0.3287
1216,train_9x9_0434,9,500,-14.59,0,-0.3298
1217,train_9x9_0039,9,133,-1.54,1,3.4498
1218,train_9x9_0174,9,500,-14.1,0,-0.3124
1219,train_9x9_0451,9,500,-13.5,0,-0.2744
1220,train_9x9_0211,9,236,-4.26,1,1.8462
1221,train_9x9_0316,9,347,-8.25,1,0.6041
1222,train_9x9_0385,9,500,-13.06,0,-0.2779
1223,train_9x9_0423,9,295,-5.94,1,1.4213
1224,train_9x9_0146,9,500,-13.4,0,-0.3784
1225,train_9x9_0499,9,205,-3.67,1,2.0821
1226,train_9x9_0114,9,465,-10.85,1,0.417
1227,train_9x9_0408,9,120,-0.9,1,3.3478
1228,train_9x9_0478,9,330,-6.5,1,0.8383
1229,train_9x9_0281,9,500,-14.35,0,-0.4587
1230,train_9x9_0395,9,500,-12.87,0,-0.3966
1231,train_9x9_0310,9,500,-12.81,0,-0.3018
1232,train_9x9_0242,9,383,-8.31,1,0.5781
1233,train_9x9_0370,9,500,-14.16,0,-0.4642
1234,train_9x9_0027,9,500,-15.02,0,-0.4112
1235,train_9x9_0206,9,127,-0.78,1,3.6968
1236,train_9x9_0426,9,500,-14.4,0,-0.4918
1237,train_9x9_0314,9,500,-13.12,0,-0.5032
1238,train_9x9_0336,9,500,-14.0,0,-0.5046
1239,train_9x9_0199,9,206,-3.53,1,1.5073
1240,train_9x9_0173,9,216,-3.36,1,2.0314
1241,train_9x9_0269,9,500,-14.07,0,-0.5016
1242,train_9x9_0426,9,500,-13.76,0,-0.3548
1243,train_9x9_0143,9,500,-13.56,0,-0.4751
1244,train_9x9_0144,9,500,-13.29,0,-0.3364
1245,train_9x9_0113,9,9,1.42,1,4.3
1246,train_9x9_0341,9,330,-7.09,1,0.7937
1247,train_9x9_0190,9,107,-0.78,1,2.6698
1248,train_9x9_0132,9,500,-14.64,0,-0.4805
1249,train_9x9_0242,9,500,-13.19,0,-0.1774
1250,train_9x9_0104,9,500,-13.75,0,-0.4752
1251,train_9x9_0358,9,500,-13.34,0,-0.2457
1252,train_9x9_0044,9,500,-14.03,0,-0.4583
1253,train_9x9_0192,9,358,-7.91,1,0.7071
1254,train_9x9_0312,9,454,-10.87,1,0.4146
1255,train_9x9_0472,9,500,-13.56,0,-0.3789
1256,train_9x9_0114,9,500,-12.78,0,-0.2702
1257,train_9x9_0239,9,500,-14.37,0,-0.4339
1258,train_9x9_0314,9,500,-13.04,0,-0.1237
1259,train_9x9_0149,9,500,-13.26,0,-0.1208
1260,train_9x9_0407,9,500,-13.52,0,-0.1412
1261,train_9x9_0414,9,500,-14.75,0,-0.2551
1262,train_9x9_0169,9,500,-12.59,0,0.0313
1263,train_9x9_0150,9,500,-13.15,0,-0.0911
1264,train_9x9_0103,9,500,-13.55,0,-0.0156
1265,train_9x9_0468,9,330,-7.23,1,1.3609
1266,train_9x9_0316,9,394,-9.26,1,0.7155
1267,train_9x9_0241,9,31,1.36,1,5.7906
1268,train_9x9_0352,9,205,-3.32,1,2.686
1269,train_9x9_0448,9,481,-11.51,1,0.4383
1270,train_9x9_0045,9,500,-14.13,0,-0.2167
1271,train_9x9_0078,9,500,-13.52,0,-0.0693
1272,train_9x9_0234,9,500,-13.88,0,-0.2186
1273,train_9x9_0095,9,463,-11.11,1,0.7346
1274,train_9x9_0110,9,68,0.4,1,4.5402
1275,train_9x9_0118,9,404,-9.5,1,0.7071
1276,train_9x9_0011,9,500,-14.08,0,-0.3487
1277,train_9x9_0484,9,121,-1.41,1,3.8661
1278,train_9x9_0326,9,418,-9.41,1,0.3683
1279,train_9x9_0320,9,38,1.06,1,5.0512
1280,train_9x9_0277,9,500,-14.15,0,-0.4087
1281,train_9x9_0217,9,500,-13.64,0,-0.5039
1282,train_9x9_0039,9,234,-4.45,1,1.6078
1283,train_9x9_0232,9,500,-13.29,0,-0.3384
1284,train_9x9_0231,9,358,-8.02,1,0.2983
1285,train_9x9_0164,9,383,-8.13,1,0.5532
1286,train_9x9_0036,9,500,-13.84,0,-0.4883
1287,train_9x9_0190,9,98,-1.13,1,2.8376
1288,train_9x9_0132,9,160,-2.46,1,2.2723
1289,train_9x9_0482,9,480,-12.34,1,0.0219
1290,train_9x9_0258,9,272,-5.05,1,0.7899
1291,train_9x9_0028,9,373,-7.41,1,0.4024
1292,train_9x9_0440,9,173,-2.59,1,1.1005
1293,train_9x9_0265,9,500,-13.56,0,-0.47
1294,train_9x9_0045,9,379,-9.28,1,0.0331
1295,train_9x9_0285,9,500,-13.73,0,-0.6523
1296,train_9x9_0047,9,305,-6.82,1,0.5884
1297,train_9x9_0483,9,81,-0.28,1,2.464
1298,train_9x9_0166,9,194,-2.73,1,1.026
1299,train_9x9_0204,9,500,-13.66,0,-0.6815
1300,train_9x9_0345,9,500,-12.59,0,-0.5687
1301,train_9x9_0431,9,500,-13.91,0,-0.6746
1302,train_9x9_0380,9,61,0.43,1,2.887
1303,train_9x9_0144,9,278,-5.47,1,0.3324
1304,train_9x9_0166,9,500,-13.27,0,-0.6741
1305,train_9x9_0325,9,500,-13.5,0,-0.4087
1306,train_9x9_0404,9,500,-13.45,0,-0.6166
1307,train_9x9_0422,9,457,-10.36,1,0.076
1308,train_9x9_0338,9,166,-2.48,1,1.3073
1309,train_9x9_0224,9,108,-0.5,1,3.206
1310,train_9x9_0335,9,500,-13.36,0,-0.489
1311,train_9x9_0135,9,500,-12.83,0,-0.4211
1312,train_9x9_0091,9,72,0.6,1,3.0772
1313,train_9x9_0477,9,391,-9.82,1,0.1517
1314,train_9x9_0223,9,220,-3.72,1,0.9099
1315,train_9x9_0133,9,495,-12.04,1,-0.0401
1316,train_9x9_0368,9,500,-14.53,0,-0.5654
1317,train_9x9_0297,9,500,-12.72,0,-0.5008
1318,train_9x9_0468,9,500,-14.16,0,-0.5812
1319,train_9x9_0465,9,205,-3.7,1,1.0769
1320,train_9x9_0457,9,500,-13.35,0,-0.5499
1321,train_9x9_0043,9,500,-14.38,0,-0.6064
1322,train_9x9_0342,9,230,-3.82,1,0.9701
1323,train_9x9_0092,9,55,0.71,1,4.268
1324,train_9x9_0359,9,480,-11.38,1,0.1931
1325,train_9x9_0007,9,365,-8.1,1,0.2355
1326,train_9x9_0176,9,234,-3.8,1,1.7801
1327,train_9x9_0484,9,260,-5.32,1,1.1478
1328,train_9x9_0037,9,500,-12.67,0,-0.2568
1329,train_9x9_0297,9,191,-2.99,1,1.6172
1330,train_9x9_0439,9,500,-14.02,0,-0.5794
1331,train_9x9_0004,9,319,-6.53,1,0.5234
1332,train_9x9_0129,9,20,1.49,1,4.3965
1333,train_9x9_0357,9,84,-0.35,1,2.6055
1334,train_9x9_0226,9,459,-10.39,1,0.0757
1335,train_9x9_0434,9,500,-14.06,0,-0.6277
1336,train_9x9_0454,9,500,-13.67,0,-0.6384
1337,train_9x9_0140,9,500,-13.26,0,-0.5665
1338,train_9x9_0188,9,500,-12.75,0,-0.5358
1339,train_9x9_0110,9,75,0.09,1,3.7673
1340,train_9x9_0120,9,16,1.63,1,5.483
1341,train_9x9_0080,9,500,-13.35,0,-0.5468
1342,train_9x9_0281,9,65,0.23,1,4.2768
1343,train_9x9_0209,9,160,-1.8,1,1.7628
1344,train_9x9_0193,9,500,-13.12,0,-0.5289
1345,train_9x9_0290,9,500,-13.99,0,-0.6272
1346,train_9x9_0259,9,500,-13.43,0,-0.6576
1347,train_9x9_0126,9,382,-8.2,1,0.5001
1348,train_9x9_0285,9,37,1.76,1,4.9235
1349,train_9x9_0169,9,500,-14.28,0,-0.6775
1350,train_9x9_0416,9,66,0.17,1,2.4358
1351,train_9x9_0001,9,500,-12.99,0,-0.6566
1352,train_9x9_0195,9,353,-7.78,1,0.2996
1353,train_9x9_0094,9,458,-10.63,1,0.0445
1354,train_9x9_0464,9,302,-6.48,1,0.6087
1355,train_9x9_0047,9,372,-8.47,1,0.0174
1356,train_9x9_0204,9,500,-13.66,0,-0.664
1357,train_9x9_0459,9,500,-14.1,0,-0.662
1358,train_9x9_0446,9,500,-13.8,0,-0.6255
1359,train_9x9_0459,9,124,-1.46,1,2.2821
1360,train_9x9_0226,9,123,-0.54,1,2.046
1361,train_9x9_0218,9,500,-13.03,0,-0.5929
1362,train_9x9_0069,9,500,-12.86,0,-0.5759
1363,train_9x9_0433,9,500,-14.4,0,-0.6066
1364,train_9x9_0420,9,500,-12.85,0,-0.5942
1365,train_9x9_0444,9,500,-14.11,0,-0.5407
1366,train_9x9_0230,9,500,-12.95,0,-0.268
1367,train_9x9_0461,9,212,-2.97,1,1.4191
1368,train_9x9_0337,9,397,-9.01,1,0.2634
1369,train_9x9_0419,9,500,-13.19,0,-0.3354
1370,train_9x9_0016,9,500,-14.36,0,-0.5353
1371,train_9x9_0470,9,152,-2.26,1,2.4084
1372,train_9x9_0045,9,329,-7.42,1,0.4875
1373,train_9x9_0157,9,500,-13.97,0,-0.4524
1374,train_9x9_0208,9,500,-13.96,0,-0.4302
1375,train_9x9_0275,9,117,-1.1,1,3.3406
1376,train_9x9_0401,9,500,-12.4,0,-0.2533
1377,train_9x9_0022,9,500,-14.03,0,-0.4462
1378,train_9x9_0124,9,114,-0.39,1,3.935
1379,train_9x9_0199,9,500,-13.84,0,-0.1515
1380,train_9x9_0481,9,247,-4.83,1,1.1058
1381,train_9x9_0210,9,500,-12.68,0,-0.3488
1382,train_9x9_0249,9,263,-5.76,1,1.504
1383,train_9x9_0456,9,500,-14.06,0,-0.4644
1384,train_9x9_0499,9,500,-14.1,0,-0.4091
1385,train_9x9_0140,9,411,-9.13,1,0.4738
1386,train_9x9_0172,9,224,-3.88,1,1.7278
1387,train_9x9_0173,9,161,-2.09,1,2.1779
1388,train_9x9_0369,9,500,-12.8,0,-0.2716
1389,train_9x9_0130,9,500,-13.77,0,-0.3476
1390,train_9x9_0370,9,500,-13.98,0,-0.415
1391,train_9x9_0020,9,500,-13.22,0,-0.3424
1392,train_9x9_0335,9,111,-0.94,1,3.6732
1393,train_9x9_0343,9,500,-14.35,0,-0.4163
1394,train_9x9_0461,9,500,-14.18,0,-0.4724
1395,train_9x9_0309,9,128,-1.27,1,3.2354
1396,train_9x9_0190,9,500,-13.68,0,-0.1331
1397,train_9x9_0093,9,405,-9.06,1,0.2818
1398,train_9x9_0288,9,500,-13.66,0,-0.3854
1399,train_9x9_0218,9,192,-2.38,1,2.5696
1400,train_9x9_0045,9,500,-14.4,0,-0.4336
1401,train_9x9_0204,9,347,-7.26,1,1.1309
1402,train_9x9_0037,9,92,0.06,1,4.0778
1403,train_9x9_0184,9,500,-14.39,0,-0.5341
1404,train_9x9_0454,9,415,-9.35,1,0.2852
1405,train_9x9_0343,9,500,-12.68,0,-0.4178
1406,train_9x9_0464,9,480,-11.93,1,0.0134
1407,train_9x9_0118,9,467,-11.36,1,0.2275
1408,train_9x9_0076,9,500,-14.23,0,-0.496
1409,train_9x9_0487,9,500,-12.64,0,-0.2183
1410,train_9x9_0262,9,422,-9.74,1,0.4924
1411,train_9x9_0424,9,243,-4.18,1,1.4492
1412,train_9x9_0289,9,500,-14.28,0,-0.4864
1413,train_9x9_0450,9,500,-12.73,0,-0.2069
1414,train_9x9_0001,9,278,-5.34,1,1.3801
1415,train_9x9_0291,9,219,-3.6,1,1.506
1416,train_9x9_0080,9,500,-14.16,0,-0.469
1417,train_9x9_0218,9,266,-4.92,1,1.2547
1418,train_9x9_0005,9,98,-0.38,1,3.6223
1419,train_9x9_0015,9,205,-3.37,1,1.9951
1420,train_9x9_0488,9,500,-13.56,0,-0.4174
1421,train_9x9_0198,9,108,-1.41,1,2.9225
1422,train_9x9_0255,9,376,-8.07,1,0.6379
1423,train_9x9_0463,9,500,-13.17,0,-0.4733
1424,train_9x9_0344,9,500,-13.51,0,-0.5641
1425,train_9x9_0021,9,500,-12.38,0,-0.4662
1426,train_9x9_0340,9,500,-14.34,0,-0.5461
1427,train_9x9_0199,9,150,-1.95,1,1.8947
1428,train_9x9_0418,9,212,-3.75,1,1.2192
1429,train_9x9_0000,9,500,-14.11,0,-0.5639
1430,train_9x9_0065,9,500,-12.89,0,-0.5029
1431,train_9x9_0250,9,500,-15.04,0,-0.5414
1432,train_9x9_0216,9,21,1.46,1,4.6091
1433,train_9x9_0368,9,500,-13.92,0,-0.5651
1434,train_9x9_0080,9,500,-13.16,0,-0.4461
1435,train_9x9_0315,9,500,-14.67,0,-0.5582
1436,train_9x9_0453,9,500,-13.17,0,-0.5626
1437,train_9x9_0490,9,91,-0.4,1,3.0968
1438,train_9x9_0349,9,500,-14.6,0,-0.5082
1439,train_9x9_0293,9,410,-9.26,1,0.156
1440,train_9x9_0001,9,500,-13.02,0,-0.4392
1441,train_9x9_0351,9,500,-13.79,0,-0.5104
1442,train_9x9_0351,9,500,-13.25,0,-0.3947
1443,train_9x9_0470,9,147,-2.0,1,2.6895
1444,train_9x9_0001,9,500,-12.66,0,-0.3448
1445,train_9x9_0195,9,139,-1.63,1,2.3723
1446,train_9x9_0036,9,500,-12.92,0,-0.3245
1447,train_9x9_0302,9,500,-12.8,0,-0.2429
1448,train_9x9_0254,9,270,-6.01,1,1.2153
1449,train_9x9_0467,9,500,-13.97,0,-0.2312
1450,train_9x9_0070,9,500,-13.32,0,-0.3127
1451,train_9x9_0140,9,500,-12.82,0,-0.3259
1452,train_9x9_0495,9,146,-1.69,1,2.6023
1453,train_9x9_0272,9,497,-12.06,1,0.1862
1454,train_9x9_0159,9,405,-9.56,1,0.373
1455,train_9x9_0135,9,500,-14.3,0,-0.3894
1456,train_9x9_0358,9,500,-14.26,0,-0.3515
1457,train_9x9_0342,9,500,-13.05,0,-0.3512
1458,train_9x9_0070,9,440,-10.3,1,0.3222
1459,train_9x9_0430,9,311,-7.34,1,0.7291
1460,train_9x9_0254,9,142,-1.52,1,3.0739
1461,train_9x9_0140,9,456,-10.4,1,0.3074
1462,train_9x9_0424,9,500,-12.85,0,-0.2595
1463,train_9x9_0351,9,500,-13.96,0,-0.3531
1464,train_9x9_0051,9,500,-14.43,0,-0.3521
1465,train_9x9_0218,9,500,-12.81,0,-0.2393
1466,train_9x9_0279,9,500,-13.01,0,-0.147
1467,train_9x9_0216,9,500,-13.63,0,-0.3201
1468,train_9x9_0008,9,500,-12.9,0,-0.1439
1469,train_9x9_0280,9,227,-4.82,1,1.6181
1470,train_9x9_0413,9,500,-14.02,0,-0.2584
1471,train_9x9_0024,9,500,-14.39,0,-0.2391
1472,train_9x9_0052,9,324,-6.71,1,0.8411
1473,train_9x9_0460,9,362,-7.8,1,0.922
1474,train_9x9_0012,9,500,-14.07,0,-0.2555
1475,train_9x9_0187,9,500,-13.32,0,0.0144
1476,train_9x9_0022,9,309,-6.22,1,1.2228
1477,train_9x9_0459,9,169,-2.82,1,2.9776
1478,train_9x9_0332,9,356,-7.49,1,0.8953
1479,train_9x9_0463,9,499,-11.76,1,0.5861
1480,train_9x9_0169,9,500,-12.46,0,-0.0855
1481,train_9x9_0174,9,500,-14.04,0,-0.2743
1482,train_9x9_0180,9,500,-14.24,0,-0.2714
1483,train_9x9_0151,9,390,-9.21,1,0.7798
1484,train_9x9_0096,9,500,-12.82,0,-0.1403
1485,train_9x9_0477,9,500,-13.95,0,-0.2405
1486,train_9x9_0256,9,348,-7.22,1,0.908
1487,train_9x9_0440,9,71,0.3,1,4.6488
1488,train_9x9_0045,9,500,-14.07,0,-0.2187
1489,train_9x9_0165,9,500,-13.09,0,-0.2071
1490,train_9x9_0172,9,500,-14.04,0,-0.2478
1491,train_9x9_0210,9,500,-13.11,0,-0.3194
1492,train_9x9_0408,9,97,-0.72,1,4.8231
1493,train_9x9_0329,9,271,-4.99,1,1.3256
1494,train_9x9_0012,9,500,-14.72,0,-0.4736
1495,train_9x9_0110,9,179,-2.95,1,1.6773
1496,train_9x9_0242,9,500,-13.9,0,-0.5113
1497,train_9x9_0024,9,186,-3.17,1,1.6696
1498,train_9x9_0467,9,500,-14.05,0,-0.4698
1499,train_9x9_0068,9,257,-5.05,1,1.0295
1500,train_9x9_0438,9,500,-14.15,0,-0.494
